Mutation,dTm,Interaction cluster,Region,Distance,Hbonds,Hydrophobic interactions,Entropy change,Binding region
S214H,9,0,1,9.62,0,0,0,1
W159H,8.5,1,1,3.81,1,0,0,1
I168R,7.5,2,1,12.55,1,0,0,1
D186H,7,2,1,8,1,0,0,1
A248P,3,0,2,21.09,0,0,1,1
K95A,2.5,0,1,14.79,0,0,0,1
S188Q,1.5,2,1,12.98,1,0,0,1
R280A,1.5,0,2,20.62,0,0,0,1
P181A,6,0,1,7.98,0,1,1,0
Q119Y,4.5,3,1,10.12,0,1,0,1
L117F,3,3,1,12.12,0,1,0,1
S187W,3,3,1,11.22,0,1,0,1
N212R,3,0,1,14.24,0,1,0,0
S166T,2,4,1,9.65,0,1,0,1
G165A,1.5,4,1,8.55,0,1,1,1
A180I,1.5,0,1,11.79,0,1,0,1
I208V,1.5,0,1,8.59,0,1,0,1
S238F,1.5,1,1,9.05,0,1,0,1
T140D,2,0,3,32.49,1,0,0,0
K148W,2,0,3,29.81,0,1,0,0
T77E,1.5,0,3,30.22,1,0,0,0
